
BSSID, First time seen, Last time seen, channel, Speed, Privacy, Cipher, Authentication, Power, # beacons, # IV, LAN IP, ID-length, ESSID, Key
50:BD:5F:E6:AB:22, 2023-12-19 11:28:14, 2023-12-19 11:28:54,  1, 130, WPA2 WPA, CCMP, PSK, -22,      375,      199,   0.  0.  0.  0,   8, TP-jumbo, 

Station MAC, First time seen, Last time seen, Power, # packets, BSSID, Probed ESSIDs
00:18:F3:CD:49:A8, 2023-12-19 11:28:16, 2023-12-19 11:28:48, -55,      163, 50:BD:5F:E6:AB:22,TP-jumbo
00:18:F3:CD:46:FC, 2023-12-19 11:28:16, 2023-12-19 11:28:52, -48,       36, 50:BD:5F:E6:AB:22,
76:43:B6:6C:B1:79, 2023-12-19 11:28:21, 2023-12-19 11:28:35, -34,        6, 50:BD:5F:E6:AB:22,

